{
  "actions": null,
  "config": {
    "algorithm": "pomo",
    "batch_size": 100,
    "ckpt_path": "/content/drive/MyDrive/Colab_Notebooks/BestofK-Project/runs_t4_1/tsp20_pomo_n16_seed0/checkpoints/last.ckpt",
    "device": "cpu",
    "k_eval": 16,
    "method": "sampling",
    "num_instances": 100,
    "num_loc": 20,
    "problem": "tsp",
    "save_actions": false,
    "save_path": "/content/drive/MyDrive/Colab_Notebooks/BestofK-Project/artifacts_t4_1/eval/tsp20_pomo_n16_seed0_sampling_k16.json",
    "seed": 1234
  },
  "metrics": {
    "avg_cost": 4.339193820953369,
    "avg_reward": -4.339193820953369,
    "inference_time_sec": 0.3873894214630127,
    "k_eval": 16,
    "method": "sampling",
    "reward_std": 0.4259403347969055,
    "rl4co_avg_reward": -4.339193820953369,
    "throughput_instances_per_sec": 258.13817946380817,
    "wall_time_sec": 0.38812947273254395
  },
  "rewards": [
    -4.225666522979736,
    -3.7779507637023926,
    -4.692304611206055,
    -4.3070149421691895,
    -4.00090217590332,
    -4.234614849090576,
    -4.215014457702637,
    -5.136058807373047,
    -4.3603196144104,
    -3.8109076023101807,
    -4.2941412925720215,
    -4.085071563720703,
    -4.362809658050537,
    -3.701369285583496,
    -3.7060317993164062,
    -4.534552097320557,
    -3.922635316848755,
    -4.982746601104736,
    -4.8874711990356445,
    -5.005227088928223,
    -4.524173736572266,
    -4.771564960479736,
    -4.3957343101501465,
    -4.33067512512207,
    -3.36415433883667,
    -4.5963616371154785,
    -4.769291400909424,
    -3.791661262512207,
    -4.670660495758057,
    -5.017043590545654,
    -3.8718600273132324,
    -3.985553741455078,
    -4.031777381896973,
    -4.185208320617676,
    -4.4216790199279785,
    -4.057793140411377,
    -5.073077201843262,
    -4.666638374328613,
    -4.806777000427246,
    -4.0333428382873535,
    -4.420313835144043,
    -4.60633659362793,
    -4.319709300994873,
    -3.292693614959717,
    -5.051169395446777,
    -3.646906614303589,
    -4.493112564086914,
    -4.71122407913208,
    -4.434860706329346,
    -3.9051167964935303,
    -4.544366359710693,
    -4.04232931137085,
    -3.8714523315429688,
    -4.503550052642822,
    -3.934891700744629,
    -4.008208274841309,
    -4.046141624450684,
    -4.149951934814453,
    -3.6715378761291504,
    -4.35888147354126,
    -4.466345310211182,
    -4.328547954559326,
    -3.587421417236328,
    -4.242849826812744,
    -3.399965286254883,
    -4.937765121459961,
    -4.730998516082764,
    -4.5460524559021,
    -4.634692192077637,
    -4.3398542404174805,
    -4.8564958572387695,
    -4.7751898765563965,
    -4.074620246887207,
    -3.69449520111084,
    -4.679525375366211,
    -3.8177387714385986,
    -4.466523170471191,
    -4.951955318450928,
    -4.429462909698486,
    -4.557138442993164,
    -4.299076080322266,
    -4.300548076629639,
    -4.306397438049316,
    -4.950953960418701,
    -4.495869159698486,
    -4.48100471496582,
    -4.467635154724121,
    -4.322795391082764,
    -4.872501373291016,
    -3.739513874053955,
    -5.013848781585693,
    -4.0367255210876465,
    -4.809048175811768,
    -4.83232307434082,
    -3.9016077518463135,
    -3.8179659843444824,
    -4.862863540649414,
    -4.238903045654297,
    -4.351603984832764,
    -4.679975509643555
  ],
  "schema_version": 1,
  "timestamp": "2026-01-20T15:03:35Z"
}