{
  "actions": null,
  "config": {
    "algorithm": "leader_reward",
    "batch_size": 100,
    "ckpt_path": "/content/drive/MyDrive/Colab_Notebooks/BestofK-Project/runs_t4_1/tsp20_leader_alpha0p5_n16_seed0/checkpoints/last.ckpt",
    "device": "cpu",
    "k_eval": 16,
    "method": "sampling",
    "num_instances": 100,
    "num_loc": 20,
    "problem": "tsp",
    "save_actions": false,
    "save_path": "/content/drive/MyDrive/Colab_Notebooks/BestofK-Project/artifacts_t4_1/eval/tsp20_leader_alpha0p5_n16_seed0_sampling_k16.json",
    "seed": 1234
  },
  "metrics": {
    "avg_cost": 4.218886375427246,
    "avg_reward": -4.218886375427246,
    "inference_time_sec": 0.39490699768066406,
    "k_eval": 16,
    "method": "sampling",
    "reward_std": 0.3559761941432953,
    "rl4co_avg_reward": -4.218886375427246,
    "throughput_instances_per_sec": 253.22417831872298,
    "wall_time_sec": 0.3956410884857178
  },
  "rewards": [
    -4.215341567993164,
    -4.026081562042236,
    -3.986191511154175,
    -3.665626049041748,
    -3.8662006855010986,
    -3.6350531578063965,
    -4.87405252456665,
    -4.924337387084961,
    -4.6626176834106445,
    -4.291797637939453,
    -3.919264316558838,
    -4.083122253417969,
    -4.191054344177246,
    -4.756250858306885,
    -4.601778030395508,
    -4.0750732421875,
    -3.961942195892334,
    -4.65824556350708,
    -3.956172466278076,
    -4.132997035980225,
    -4.395292282104492,
    -4.782134056091309,
    -3.5860681533813477,
    -4.554386615753174,
    -4.471996784210205,
    -3.9867665767669678,
    -4.334356784820557,
    -4.424221515655518,
    -4.482148170471191,
    -4.373401165008545,
    -4.313174247741699,
    -4.229854106903076,
    -4.362347602844238,
    -3.9365384578704834,
    -4.733267784118652,
    -4.631330490112305,
    -4.276063442230225,
    -4.217081546783447,
    -4.937333583831787,
    -3.8758468627929688,
    -4.56471061706543,
    -4.373842239379883,
    -4.038239002227783,
    -4.246050834655762,
    -4.595769882202148,
    -4.2362847328186035,
    -3.914915084838867,
    -3.659823417663574,
    -4.346662998199463,
    -4.057222366333008,
    -4.343497276306152,
    -3.6706936359405518,
    -4.394018650054932,
    -4.472485065460205,
    -4.892467498779297,
    -4.464177131652832,
    -4.631900787353516,
    -3.6692168712615967,
    -3.9553141593933105,
    -4.125186920166016,
    -4.53756046295166,
    -4.305687427520752,
    -3.90315580368042,
    -4.9190239906311035,
    -3.724465847015381,
    -4.34525728225708,
    -4.599191665649414,
    -3.6828746795654297,
    -4.37598180770874,
    -3.8150811195373535,
    -3.555734872817993,
    -4.346988201141357,
    -4.427801609039307,
    -4.395096778869629,
    -4.340745449066162,
    -4.433234691619873,
    -4.089498043060303,
    -4.029399394989014,
    -4.160019397735596,
    -4.28286075592041,
    -4.166064262390137,
    -3.881459951400757,
    -4.332013130187988,
    -4.070811748504639,
    -3.8063652515411377,
    -4.111571311950684,
    -4.273247718811035,
    -4.5201849937438965,
    -3.7339463233947754,
    -4.047580718994141,
    -3.8930153846740723,
    -4.395616054534912,
    -4.177077770233154,
    -3.6792452335357666,
    -3.782609224319458,
    -5.094829559326172,
    -4.454072952270508,
    -3.529879570007324,
    -3.990307092666626,
    -3.6397950649261475
  ],
  "schema_version": 1,
  "timestamp": "2026-01-20T15:03:58Z"
}