{
  "actions": null,
  "config": {
    "algorithm": "maxk_pomo",
    "batch_size": 100,
    "ckpt_path": "/content/drive/MyDrive/Colab_Notebooks/BestofK-Project/runs_t4_1/tsp20_maxk_k4_subloo_n16_seed0/checkpoints/last.ckpt",
    "device": "cpu",
    "k_eval": 16,
    "method": "sampling",
    "num_instances": 100,
    "num_loc": 20,
    "problem": "tsp",
    "save_actions": false,
    "save_path": "/content/drive/MyDrive/Colab_Notebooks/BestofK-Project/artifacts_t4_1/eval/tsp20_maxk_k4_subloo_n16_seed0_sampling_k16.json",
    "seed": 1234
  },
  "metrics": {
    "avg_cost": 4.226443290710449,
    "avg_reward": -4.226443290710449,
    "inference_time_sec": 0.6190569400787354,
    "k_eval": 16,
    "method": "sampling",
    "reward_std": 0.37966006994247437,
    "rl4co_avg_reward": -4.226443290710449,
    "throughput_instances_per_sec": 161.53602928234906,
    "wall_time_sec": 0.6199007034301758
  },
  "rewards": [
    -4.215341567993164,
    -4.026081562042236,
    -4.020349502563477,
    -3.665626049041748,
    -3.752498149871826,
    -3.8070271015167236,
    -4.592926502227783,
    -4.924337387084961,
    -4.6626176834106445,
    -4.036276817321777,
    -3.919264316558838,
    -4.083122253417969,
    -4.094757556915283,
    -4.663734436035156,
    -4.583371162414551,
    -4.0750732421875,
    -3.7936925888061523,
    -4.726369857788086,
    -3.956172466278076,
    -4.132997035980225,
    -4.3829450607299805,
    -4.553124904632568,
    -3.5860681533813477,
    -4.390475273132324,
    -4.471996784210205,
    -3.83126163482666,
    -4.334356784820557,
    -4.453614234924316,
    -4.585837364196777,
    -4.7309489250183105,
    -4.284246444702148,
    -4.270028114318848,
    -4.139695644378662,
    -3.9365384578704834,
    -4.972432613372803,
    -4.717400550842285,
    -4.217180252075195,
    -4.344496250152588,
    -4.940047740936279,
    -3.914036273956299,
    -4.99711275100708,
    -4.051815032958984,
    -4.038239002227783,
    -4.246050834655762,
    -4.595769882202148,
    -4.2362847328186035,
    -3.914915084838867,
    -3.574051856994629,
    -4.346662998199463,
    -4.057222366333008,
    -4.228081703186035,
    -3.530829906463623,
    -4.394018650054932,
    -4.56834602355957,
    -5.131985187530518,
    -4.464177131652832,
    -4.8731842041015625,
    -3.6692168712615967,
    -3.9553141593933105,
    -4.327749252319336,
    -4.53756046295166,
    -4.288657188415527,
    -3.90315580368042,
    -4.744673728942871,
    -3.907301664352417,
    -4.424889087677002,
    -4.599191665649414,
    -3.6828746795654297,
    -4.37598180770874,
    -3.8150811195373535,
    -3.641315460205078,
    -4.230423450469971,
    -4.427801609039307,
    -4.5574445724487305,
    -4.340745449066162,
    -4.433234691619873,
    -4.089498043060303,
    -4.029399394989014,
    -4.160019397735596,
    -4.28286075592041,
    -4.213732719421387,
    -3.881459951400757,
    -4.332013130187988,
    -4.03242301940918,
    -3.8063652515411377,
    -4.194282531738281,
    -4.430662631988525,
    -4.557031631469727,
    -3.7339463233947754,
    -4.047580718994141,
    -3.965528964996338,
    -4.6097636222839355,
    -4.177077770233154,
    -3.6792452335357666,
    -3.782609224319458,
    -5.013638019561768,
    -4.7257490158081055,
    -3.6509671211242676,
    -3.990307092666626,
    -3.3584656715393066
  ],
  "schema_version": 1,
  "timestamp": "2026-01-20T15:04:20Z"
}